INSERT IGNORE INTO ORT (OrtId, PLZ, Stadt) VALUES
(1, '10115', 'Berlin'),
(2, '20095', 'Hamburg'),
(3, '80331', 'München'),
(4, '50667', 'Köln'),
(5, '60311', 'Frankfurt'),
(6, '70173', 'Stuttgart'),
(7, '40210', 'Düsseldorf'),
(8, '41061', 'Mönchengladbach'),
(9, '42001', 'Leipzig'),
(10, '44319', 'Dortmund');

INSERT IGNORE INTO ADRESSE (AdresseId, Strasse, HausNr, Adresszusatz, OrtId) VALUES
(1, 'Hauptstrasse', '12', '', 1),
(2, 'Musterweg', '34A', '', 2),
(3, 'Bahnhofstrasse', '7', 'EG', 3),
(4, 'Lindenstrasse', '22', '', 4),
(5, 'Gartenstrasse', '5', '', 5),
(6, 'Schillerstrasse', '3', 'OG', 6),
(7, 'Ringstrasse', '10', '', 7),
(8, 'Bergstrasse', '8', '', 8),
(9, 'Feldstrasse', '2B', 'OG', 9),
(10, 'Waldstrasse', '11', '', 10);

INSERT IGNORE INTO lieferant(
	LieferantId
	, AdresseId
	, LieferantName
	, TelefonNr
	, Email
)
VALUES
(1, 9, 'BioFarm GmbH', '030-1234567', 'info@biofarm.de'),
(2, 10, 'FruchtExpress AG', '040-9876543', 'kontakt@fruchtexpress.de'),
(3, 2, 'GreenFoods KG.', '0221-5554321', 'service@greenfoods.de'),
(4, 1, 'MeatMasters GmbH', '069-1122334', 'support@meatmasters.de');

INSERT IGNORE INTO naehrstoffangabe (
	NaehrstoffangabeId
	, KalorienPro100g
	, ProteinePro100g
	, KohlenhydratePro100g
	, ZuckerPro100g
	, FettPro100g
	, GesaettigteFettSaeurenPro100g
	, BallaststoffePro100g
	, NatriumPro100g) VALUES
	(1, 354, 12.5, 72, 1, 1, 0.2, 3, 0.006),  -- Weizenmehl Tipo 00
	(2, 881, 0, 0.2, 0, 100, 15, 0, 0.001), -- Olivenöl
	(3, 83, 17, 1, 0.13, 1, 0.14, 7, 0.2), -- Hefe
	(4, 405, 0, 100, 100, 0, 0, 0, 0), -- Zucker
	(5, 0, 0, 0, 0, 0, 0, 0, 0.38758), -- Salz
	(6, 20, 1, 4, 2.6, 0.3, 0.1, 1.2, 0.03), -- Tomate
	(7, 53, 0.3, 11.4, 10.3, 0.4, 0, 1, 0.01), -- Apfel
	(8, 717, 0.2, 0.7, 0, 81, 15, 0, 0.02), -- Magerine
	(9, 29, 1.1, 9, 2.5, 0.3, 0, 2.8, 0.02), -- Zitrone
	(10, 381, 0.3, 91, 0, 0.1, 0, 0.9, 0.09), -- Speisestärke Maizena
	(11, 397, 0.3, 97, 97, 0.5, 0.2, 3.3, 0), -- Bourbon-Vanillezucker
	(12, 247, 4, 81, 2.2, 1.2, 0.3, 53, 0.1), -- Zimt
	(13, 67, 13, 3.6, 3.6, 0.3, 0.2, 0, 0.4), -- Magerquark
	(14, 402, 25, 1.3, 0.5, 33, 21, 0, 6.21), -- Kaese
	(15, 155, 13, 1.1, 1.1, 11, 3.3, 0, 1.24), -- Eier
	(16, 112, 1.3, 26, 22, 0.2, 0.1, 0.3, 9.07), -- Ketchup
	(17, 66, 4.4, 5, 0.9, 4, 0.2, 3.3, 11.35), -- Senf
	(18, 59, 10, 3.6, 3.2, 0.4, 0.1, 0, 0.36), -- Naturjoghurt
	(19, 332, 14, 0, 0, 30, 11, 0, 0.67), -- Hackfleisch Rind
	(20, 215, 16, 16, 8, 10, 6, 0.2, 17.05), -- Schmelzkaese
	(21, 310, 11, 59, 55, 2.9, 1, 13, 0.25), -- Pfeffer
	(22, 11, 0.3, 2.3, 1.1, 0.2, 0.1, 1.2, 12.08), -- Gewürzgurken
	(23, 14, 0.9, 3, 2, 0.1, 0, 1.2, 0.1), -- Eisbergsalat
	(24, 365.00, 13.00, 72.00, 1.00, 1.50, 0.30, 2.70, 0.01), -- Weizenmehl Type 405
	(25, 89.00, 1.10, 22.80, 12.20, 0.30, 0.10, 2.60, 0.001), -- Banane
	(26, 17.00, 1.50, 2.90, 2.90, 0.20, 0.03, 1.60, 0.002), -- Gurke
	(27, 275.00, 20.00, 0.00, 0.00, 22.00, 14.00, 0.00, 0.08), -- Butter
	(28, 61.00, 3.40, 14.60, 8.10, 0.30, 0.10, 2.20, 0.001), -- Karotte
	(29, 354.00, 13.10, 65.40, 2.60, 3.50, 0.50, 7.00, 0.005), -- Vollkornmehl
	(30, 165.00, 31.00, 0.00, 0.00, 3.60, 1.00, 0.00, 0.075), -- Hähnchenbrust
	(31, 150.00, 6.00, 23.00, 1.00, 3.00, 0.50, 6.00, 0.004), -- Kidneybohnen (gekocht)
	(32, 295.00, 11.00, 51.00, 2.30, 4.50, 0.80, 5.50, 0.006), -- Haferflocken
	(33, 42.00, 0.80, 10.00, 8.90, 0.10, 0.01, 1.10, 0.001), -- Trauben
	(34, 82.00, 2.30, 19.00, 14.00, 0.20, 0.05, 1.80, 0.002), -- Birne
	(35, 21.00, 1.80, 3.50, 3.50, 0.20, 0.04, 2.10, 0.001), -- Zucchini
	(36, 47.00, 0.90, 11.00, 9.50, 0.10, 0.02, 1.50, 0.001), -- Erdbeere
	(37, 300.00, 25.00, 2.00, 0.00, 20.00, 10.00, 0.00, 0.070), -- Käse (Gouda)
	(38, 32.00, 3.00, 4.00, 2.50, 0.10, 0.01, 3.10, 0.002), -- Paprika rot
	(39, 110.00, 7.50, 20.00, 1.00, 2.50, 0.80, 3.80, 0.004), -- Linsen (gekocht)
	(40, 410.00, 12.00, 60.00, 5.00, 12.00, 4.00, 5.00, 0.007), -- Couscous
	(41, 160.00, 6.00, 27.00, 20.00, 4.00, 1.00, 3.00, 0.004), -- Honig
	(42, 45.00, 1.00, 10.00, 8.00, 0.20, 0.01, 1.50, 0.003), -- Mango
	(43, 330.00, 25.00, 10.00, 1.00, 15.00, 5.00, 5.00, 0.008), -- Schweinebraten
	(44, 140.00, 2.00, 33.00, 30.00, 0.50, 0.10, 3.00, 0.003), -- Marmelade
	(45, 25.00, 0.90, 5.00, 3.50, 0.10, 0.01, 1.30, 0.002), -- Rote Beete
	(46, 160.00, 10.00, 20.00, 5.00, 5.00, 2.00, 4.00, 0.006), -- Schweinefilet
	(47, 45.00, 1.00, 10.00, 5.00, 0.20, 0.01, 1.50, 0.003), -- Paprika gelb
	(48, 50.00, 0.80, 12.00, 8.00, 0.20, 0.01, 2.20, 0.003), -- Aubergine
	(49, 380.00, 15.00, 60.00, 10.00, 10.00, 4.50, 4.50, 0.007), -- Reis
	(50, 120.00, 3.00, 28.00, 18.00, 0.40, 0.10, 4.00, 0.004), -- Quinoa
	(51, 200.00, 5.00, 50.00, 10.00, 1.50, 0.30, 6.00, 0.005), -- Mais
	(52, 240.00, 12.00, 32.00, 15.00, 6.00, 2.50, 8.00, 0.006), -- Kartoffeln
	(53, 80.00, 0.80, 19.00, 12.00, 0.30, 0.05, 2.50, 0.002), -- Kiwifrucht
	(54, 70.00, 2.00, 15.00, 8.00, 0.20, 0.01, 2.00, 0.003), -- Birnen
	(55, 290.00, 4.50, 60.00, 4.00, 3.50, 1.00, 7.00, 0.007), -- Lachs (gegrillt)
	(56, 350.00, 25.00, 50.00, 10.00, 15.00, 6.00, 6.00, 0.010), -- Rindfleisch
	(57, 100.00, 2.00, 20.00, 15.00, 2.00, 0.50, 3.50, 0.004), -- Karotten (gekocht)
	(58, 120.00, 4.00, 20.00, 5.00, 2.00, 0.80, 3.00, 0.005), -- Avocado
	(59, 90.00, 1.50, 20.00, 17.00, 0.30, 0.05, 2.00, 0.002), -- Himbeeren
	(60, 380.00, 8.00, 80.00, 8.00, 2.00, 1.00, 12.00, 0.007), -- Dinkelmehl
	(61, 350.00, 13.00, 40.00, 10.00, 15.00, 4.50, 9.00, 0.006), -- Lammfleisch
	(62, 200.00, 6.00, 50.00, 10.00, 3.00, 1.50, 7.00, 0.005), -- Tofu
	(63, 180.00, 5.00, 40.00, 20.00, 1.50, 0.50, 6.00, 0.004), -- Müsli
	(64, 110.00, 2.00, 20.00, 12.00, 0.50, 0.10, 4.00, 0.003), -- Orange
	(65, 180.00, 3.00, 45.00, 9.00, 2.50, 1.00, 5.00, 0.004), -- Hirse
	(66, 210.00, 2.00, 50.00, 12.00, 4.00, 1.50, 7.50, 0.004), -- Spinat (gekocht)
	(67, 60.00, 1.00, 14.00, 12.00, 0.50, 0.10, 3.00, 0.002), -- Kiwi
	(68, 230.00, 4.00, 40.00, 7.00, 8.00, 3.00, 5.00, 0.007), -- Brokkoli
	(69, 130, 29, 0, 0, 0.6, 0.2, 0, 0.54); -- Thunfisch
	
	INSERT IGNORE INTO ZUTAT(
	ZutatId
	, LieferantId
	, NaehrstoffangabeId
	, Bezeichnung
	, Bestand
	, Nettopreis
	, CO2AequivalentProKg)
	VALUES
	(), -- Weizenmehl Tipo 00